Workbook

Sheet Sheet1
A1: 46070 | B1: 46026 | D1: 날짜 | E1: 일 특징 표시 | F1: 전체 디데이 | G1: 주말 제외, 공휴일 제외 | H1: 주말 포함, 공휴일 제외 | I1: 주말 제외, 공휴일 포함
A2: 46071 | B2: 46032 | D2: 46026 | E2: =IF(COUNTIF(A:A, D2)>0, "공휴일", IF(COUNTIF(B:B, D2)>0, "주말", "평일")) -> 주말 | F2: =F3+1 -> 55 | G2: =IF(E2="주말",G3+0,IF(E2="공휴일",G3+0,G3+1)) -> 37 | H2: =IF(E2="주말",H3+1,IF(E2="공휴일",H3+0, H3+1)) -> 52 | I2: =IF(E2="주말",I3+0,IF(E2="공휴일",I3+1, I3+1)) -> 40
A3: 46072 | B3: =B1+7 -> 46033 | D3: 46027 | E3: =IF(COUNTIF(A:A, D3)>0, "공휴일", IF(COUNTIF(B:B, D3)>0, "주말", "평일")) -> 평일 | F3: =F4+1 -> 54 | G3: =IF(E3="주말",G4+0,IF(E3="공휴일",G4+0, G4+1)) -> 37 | H3: =IF(E3="주말",H4+1,IF(E3="공휴일",H4+0, H4+1)) -> 51 | I3: =IF(E3="주말",I4+0,IF(E3="공휴일",I4+1, I4+1)) -> 40
B4: =B2+7 -> 46039 | D4: 46028 | E4: =IF(COUNTIF(A:A, D4)>0, "공휴일", IF(COUNTIF(B:B, D4)>0, "주말", "평일")) -> 평일 | F4: =F5+1 -> 53 | G4: =IF(E4="주말",G5+0,IF(E4="공휴일",G5+0, G5+1)) -> 36 | H4: =IF(E4="주말",H5+1,IF(E4="공휴일",H5+0, H5+1)) -> 50 | I4: =IF(E4="주말",I5+0,IF(E4="공휴일",I5+1, I5+1)) -> 39
B5: =B3+7 -> 46040 | D5: 46029 | E5: =IF(COUNTIF(A:A, D5)>0, "공휴일", IF(COUNTIF(B:B, D5)>0, "주말", "평일")) -> 평일 | F5: =F6+1 -> 52 | G5: =IF(E5="주말",G6+0,IF(E5="공휴일",G6+0, G6+1)) -> 35 | H5: =IF(E5="주말",H6+1,IF(E5="공휴일",H6+0, H6+1)) -> 49 | I5: =IF(E5="주말",I6+0,IF(E5="공휴일",I6+1, I6+1)) -> 38
B6: =B4+7 -> 46046 | D6: 46030 | E6: =IF(COUNTIF(A:A, D6)>0, "공휴일", IF(COUNTIF(B:B, D6)>0, "주말", "평일")) -> 평일 | F6: =F7+1 -> 51 | G6: =IF(E6="주말",G7+0,IF(E6="공휴일",G7+0, G7+1)) -> 34 | H6: =IF(E6="주말",H7+1,IF(E6="공휴일",H7+0, H7+1)) -> 48 | I6: =IF(E6="주말",I7+0,IF(E6="공휴일",I7+1, I7+1)) -> 37
B7: =B5+7 -> 46047 | D7: 46031 | E7: =IF(COUNTIF(A:A, D7)>0, "공휴일", IF(COUNTIF(B:B, D7)>0, "주말", "평일")) -> 평일 | F7: =F8+1 -> 50 | G7: =IF(E7="주말",G8+0,IF(E7="공휴일",G8+0, G8+1)) -> 33 | H7: =IF(E7="주말",H8+1,IF(E7="공휴일",H8+0, H8+1)) -> 47 | I7: =IF(E7="주말",I8+0,IF(E7="공휴일",I8+1, I8+1)) -> 36
B8: =B6+7 -> 46053 | D8: 46032 | E8: =IF(COUNTIF(A:A, D8)>0, "공휴일", IF(COUNTIF(B:B, D8)>0, "주말", "평일")) -> 주말 | F8: =F9+1 -> 49 | G8: =IF(E8="주말",G9+0,IF(E8="공휴일",G9+0, G9+1)) -> 32 | H8: =IF(E8="주말",H9+1,IF(E8="공휴일",H9+0, H9+1)) -> 46 | I8: =IF(E8="주말",I9+0,IF(E8="공휴일",I9+1, I9+1)) -> 35
B9: =B7+7 -> 46054 | D9: 46033 | E9: =IF(COUNTIF(A:A, D9)>0, "공휴일", IF(COUNTIF(B:B, D9)>0, "주말", "평일")) -> 주말 | F9: =F10+1 -> 48 | G9: =IF(E9="주말",G10+0,IF(E9="공휴일",G10+0, G10+1)) -> 32 | H9: =IF(E9="주말",H10+1,IF(E9="공휴일",H10+0, H10+1)) -> 45 | I9: =IF(E9="주말",I10+0,IF(E9="공휴일",I10+1, I10+1)) -> 35
B10: =B8+7 -> 46060 | D10: 46034 | E10: =IF(COUNTIF(A:A, D10)>0, "공휴일", IF(COUNTIF(B:B, D10)>0, "주말", "평일")) -> 평일 | F10: =F11+1 -> 47 | G10: =IF(E10="주말",G11+0,IF(E10="공휴일",G11+0, G11+1)) -> 32 | H10: =IF(E10="주말",H11+1,IF(E10="공휴일",H11+0, H11+1)) -> 44 | I10: =IF(E10="주말",I11+0,IF(E10="공휴일",I11+1, I11+1)) -> 35
B11: =B9+7 -> 46061 | D11: 46035 | E11: =IF(COUNTIF(A:A, D11)>0, "공휴일", IF(COUNTIF(B:B, D11)>0, "주말", "평일")) -> 평일 | F11: =F12+1 -> 46 | G11: =IF(E11="주말",G12+0,IF(E11="공휴일",G12+0, G12+1)) -> 31 | H11: =IF(E11="주말",H12+1,IF(E11="공휴일",H12+0, H12+1)) -> 43 | I11: =IF(E11="주말",I12+0,IF(E11="공휴일",I12+1, I12+1)) -> 34
B12: =B10+7 -> 46067 | D12: 46036 | E12: =IF(COUNTIF(A:A, D12)>0, "공휴일", IF(COUNTIF(B:B, D12)>0, "주말", "평일")) -> 평일 | F12: =F13+1 -> 45 | G12: =IF(E12="주말",G13+0,IF(E12="공휴일",G13+0, G13+1)) -> 30 | H12: =IF(E12="주말",H13+1,IF(E12="공휴일",H13+0, H13+1)) -> 42 | I12: =IF(E12="주말",I13+0,IF(E12="공휴일",I13+1, I13+1)) -> 33
B13: =B11+7 -> 46068 | D13: 46037 | E13: =IF(COUNTIF(A:A, D13)>0, "공휴일", IF(COUNTIF(B:B, D13)>0, "주말", "평일")) -> 평일 | F13: =F14+1 -> 44 | G13: =IF(E13="주말",G14+0,IF(E13="공휴일",G14+0, G14+1)) -> 29 | H13: =IF(E13="주말",H14+1,IF(E13="공휴일",H14+0, H14+1)) -> 41 | I13: =IF(E13="주말",I14+0,IF(E13="공휴일",I14+1, I14+1)) -> 32
B14: =B12+7 -> 46074 | D14: 46038 | E14: =IF(COUNTIF(A:A, D14)>0, "공휴일", IF(COUNTIF(B:B, D14)>0, "주말", "평일")) -> 평일 | F14: =F15+1 -> 43 | G14: =IF(E14="주말",G15+0,IF(E14="공휴일",G15+0, G15+1)) -> 28 | H14: =IF(E14="주말",H15+1,IF(E14="공휴일",H15+0, H15+1)) -> 40 | I14: =IF(E14="주말",I15+0,IF(E14="공휴일",I15+1, I15+1)) -> 31
B15: =B13+7 -> 46075 | D15: 46039 | E15: =IF(COUNTIF(A:A, D15)>0, "공휴일", IF(COUNTIF(B:B, D15)>0, "주말", "평일")) -> 주말 | F15: =F16+1 -> 42 | G15: =IF(E15="주말",G16+0,IF(E15="공휴일",G16+0, G16+1)) -> 27 | H15: =IF(E15="주말",H16+1,IF(E15="공휴일",H16+0, H16+1)) -> 39 | I15: =IF(E15="주말",I16+0,IF(E15="공휴일",I16+1, I16+1)) -> 30
B16: =B14+7 -> 46081 | D16: 46040 | E16: =IF(COUNTIF(A:A, D16)>0, "공휴일", IF(COUNTIF(B:B, D16)>0, "주말", "평일")) -> 주말 | F16: =F17+1 -> 41 | G16: =IF(E16="주말",G17+0,IF(E16="공휴일",G17+0, G17+1)) -> 27 | H16: =IF(E16="주말",H17+1,IF(E16="공휴일",H17+0, H17+1)) -> 38 | I16: =IF(E16="주말",I17+0,IF(E16="공휴일",I17+1, I17+1)) -> 30
D17: 46041 | E17: =IF(COUNTIF(A:A, D17)>0, "공휴일", IF(COUNTIF(B:B, D17)>0, "주말", "평일")) -> 평일 | F17: =F18+1 -> 40 | G17: =IF(E17="주말",G18+0,IF(E17="공휴일",G18+0, G18+1)) -> 27 | H17: =IF(E17="주말",H18+1,IF(E17="공휴일",H18+0, H18+1)) -> 37 | I17: =IF(E17="주말",I18+0,IF(E17="공휴일",I18+1, I18+1)) -> 30
D18: 46042 | E18: =IF(COUNTIF(A:A, D18)>0, "공휴일", IF(COUNTIF(B:B, D18)>0, "주말", "평일")) -> 평일 | F18: =F19+1 -> 39 | G18: =IF(E18="주말",G19+0,IF(E18="공휴일",G19+0, G19+1)) -> 26 | H18: =IF(E18="주말",H19+1,IF(E18="공휴일",H19+0, H19+1)) -> 36 | I18: =IF(E18="주말",I19+0,IF(E18="공휴일",I19+1, I19+1)) -> 29
D19: 46043 | E19: =IF(COUNTIF(A:A, D19)>0, "공휴일", IF(COUNTIF(B:B, D19)>0, "주말", "평일")) -> 평일 | F19: =F20+1 -> 38 | G19: =IF(E19="주말",G20+0,IF(E19="공휴일",G20+0, G20+1)) -> 25 | H19: =IF(E19="주말",H20+1,IF(E19="공휴일",H20+0, H20+1)) -> 35 | I19: =IF(E19="주말",I20+0,IF(E19="공휴일",I20+1, I20+1)) -> 28
D20: 46044 | E20: =IF(COUNTIF(A:A, D20)>0, "공휴일", IF(COUNTIF(B:B, D20)>0, "주말", "평일")) -> 평일 | F20: =F21+1 -> 37 | G20: =IF(E20="주말",G21+0,IF(E20="공휴일",G21+0, G21+1)) -> 24 | H20: =IF(E20="주말",H21+1,IF(E20="공휴일",H21+0, H21+1)) -> 34 | I20: =IF(E20="주말",I21+0,IF(E20="공휴일",I21+1, I21+1)) -> 27
D21: 46045 | E21: =IF(COUNTIF(A:A, D21)>0, "공휴일", IF(COUNTIF(B:B, D21)>0, "주말", "평일")) -> 평일 | F21: =F22+1 -> 36 | G21: =IF(E21="주말",G22+0,IF(E21="공휴일",G22+0, G22+1)) -> 23 | H21: =IF(E21="주말",H22+1,IF(E21="공휴일",H22+0, H22+1)) -> 33 | I21: =IF(E21="주말",I22+0,IF(E21="공휴일",I22+1, I22+1)) -> 26
D22: 46046 | E22: =IF(COUNTIF(A:A, D22)>0, "공휴일", IF(COUNTIF(B:B, D22)>0, "주말", "평일")) -> 주말 | F22: =F23+1 -> 35 | G22: =IF(E22="주말",G23+0,IF(E22="공휴일",G23+0, G23+1)) -> 22 | H22: =IF(E22="주말",H23+1,IF(E22="공휴일",H23+0, H23+1)) -> 32 | I22: =IF(E22="주말",I23+0,IF(E22="공휴일",I23+1, I23+1)) -> 25
D23: 46047 | E23: =IF(COUNTIF(A:A, D23)>0, "공휴일", IF(COUNTIF(B:B, D23)>0, "주말", "평일")) -> 주말 | F23: =F24+1 -> 34 | G23: =IF(E23="주말",G24+0,IF(E23="공휴일",G24+0, G24+1)) -> 22 | H23: =IF(E23="주말",H24+1,IF(E23="공휴일",H24+0, H24+1)) -> 31 | I23: =IF(E23="주말",I24+0,IF(E23="공휴일",I24+1, I24+1)) -> 25
D24: 46048 | E24: =IF(COUNTIF(A:A, D24)>0, "공휴일", IF(COUNTIF(B:B, D24)>0, "주말", "평일")) -> 평일 | F24: =F25+1 -> 33 | G24: =IF(E24="주말",G25+0,IF(E24="공휴일",G25+0, G25+1)) -> 22 | H24: =IF(E24="주말",H25+1,IF(E24="공휴일",H25+0, H25+1)) -> 30 | I24: =IF(E24="주말",I25+0,IF(E24="공휴일",I25+1, I25+1)) -> 25
D25: 46049 | E25: =IF(COUNTIF(A:A, D25)>0, "공휴일", IF(COUNTIF(B:B, D25)>0, "주말", "평일")) -> 평일 | F25: =F26+1 -> 32 | G25: =IF(E25="주말",G26+0,IF(E25="공휴일",G26+0, G26+1)) -> 21 | H25: =IF(E25="주말",H26+1,IF(E25="공휴일",H26+0, H26+1)) -> 29 | I25: =IF(E25="주말",I26+0,IF(E25="공휴일",I26+1, I26+1)) -> 24
D26: 46050 | E26: =IF(COUNTIF(A:A, D26)>0, "공휴일", IF(COUNTIF(B:B, D26)>0, "주말", "평일")) -> 평일 | F26: =F27+1 -> 31 | G26: =IF(E26="주말",G27+0,IF(E26="공휴일",G27+0, G27+1)) -> 20 | H26: =IF(E26="주말",H27+1,IF(E26="공휴일",H27+0, H27+1)) -> 28 | I26: =IF(E26="주말",I27+0,IF(E26="공휴일",I27+1, I27+1)) -> 23
D27: 46051 | E27: =IF(COUNTIF(A:A, D27)>0, "공휴일", IF(COUNTIF(B:B, D27)>0, "주말", "평일")) -> 평일 | F27: =F28+1 -> 30 | G27: =IF(E27="주말",G28+0,IF(E27="공휴일",G28+0, G28+1)) -> 19 | H27: =IF(E27="주말",H28+1,IF(E27="공휴일",H28+0, H28+1)) -> 27 | I27: =IF(E27="주말",I28+0,IF(E27="공휴일",I28+1, I28+1)) -> 22
D28: 46052 | E28: =IF(COUNTIF(A:A, D28)>0, "공휴일", IF(COUNTIF(B:B, D28)>0, "주말", "평일")) -> 평일 | F28: =F29+1 -> 29 | G28: =IF(E28="주말",G29+0,IF(E28="공휴일",G29+0, G29+1)) -> 18 | H28: =IF(E28="주말",H29+1,IF(E28="공휴일",H29+0, H29+1)) -> 26 | I28: =IF(E28="주말",I29+0,IF(E28="공휴일",I29+1, I29+1)) -> 21
... D56: 46080 | E56: =IF(COUNTIF(A:A, D56)>0, "공휴일", IF(COUNTIF(B:B, D56)>0, "주말", "평일")) -> 평일 | F56: =F57+1 -> 1 | G56: =IF(E56="주말",G57+0,IF(E56="공휴일",G57+0, G57+1)) -> 1 | H56: =IF(E56="주말",H57+1,IF(E56="공휴일",H57+0, H57+1)) -> 1 | I56: =IF(E56="주말",I57+0,IF(E56="공휴일",I57+1, I57+1)) -> 1
D57: 46081 | E57: =IF(COUNTIF(A:A, D57)>0, "공휴일", IF(COUNTIF(B:B, D57)>0, "주말", "평일")) -> 주말 | F57: 0 | G57: 0 | H57: 0 | I57: 0

Sheet Sheet2
A1: 테스트 날짜 | B1: 46026 | D1: 테스트 날짜 | E1: 46027
A2: 종료일 | B2: 46081 | D2: 종료일 | E2: 46081
A4: 당일 날짜 포함 총일수 | B4: =NETWORKDAYS.INTL(B1,B2, "0000000") -> 56 | D4: 당일 날짜 포함 총일수 | E4: =NETWORKDAYS.INTL(E1,E2, "0000000") -> 55
A5: 주말 제외, 공휴일 제외 | B5: =NETWORKDAYS(B1,B2, Sheet1!A:A) -> 37 | D5: 주말 제외, 공휴일 제외 | E5: =NETWORKDAYS(E1,E2, Sheet1!A:A) -> 37
A6: 주말 포함, 공휴일 제외 | B6: =NETWORKDAYS.INTL(B1,B2, "0000000", Sheet1!A:A) -> 53 | D6: 주말 포함, 공휴일 제외 | E6: =NETWORKDAYS.INTL(E1,E2, "0000000", Sheet1!A:A) -> 52
A7: 주말 제외, 공휴일 포함 | B7: =NETWORKDAYS.INTL(B1,B2,1) -> 40 | D7: 주말 제외, 공휴일 포함 | E7: =NETWORKDAYS.INTL(E1,E2,1) -> 40
A9: 당일날짜 미포함 총일수 | B9: =NETWORKDAYS.INTL(B1+1,B2, "0000000") -> 55 | D9: 당일날짜 미포함 총일수 | E9: =NETWORKDAYS.INTL(E1+1,E2, "0000000") -> 54
A10: 주말 제외, 공휴일 제외 | B10: =NETWORKDAYS(B1+1,B2, Sheet1!A:A) -> 37 | D10: 주말 제외, 공휴일 제외 | E10: =NETWORKDAYS(E1+1,E2, Sheet1!A:A) -> 36
A11: 주말 포함, 공휴일 제외 | B11: =NETWORKDAYS.INTL(B1+1,B2, "0000000", Sheet1!A:A) -> 52 | D11: 주말 포함, 공휴일 제외 | E11: =NETWORKDAYS.INTL(E1+1,E2, "0000000", Sheet1!A:A) -> 51
A12: 주말 제외, 공휴일 포함 | B12: =NETWORKDAYS.INTL(B1+1,B2,1) -> 40 | D12: 주말 제외, 공휴일 포함 | E12: =NETWORKDAYS.INTL(E1+1,E2,1) -> 39
D14: 전체 디데이 | E14: 54
D15: 주말 제외, 공휴일 제외 | E15: 37
D16: 주말 포함, 공휴일 제외 | E16: 51
D17: 주말 제외, 공휴일 포함 | E17: 40
